gCategory,gName,gAddress,gNumber
헬스,부평여고 후문 쉼터 체력단련시설,인천광역시 부평구 부평동 878-2,032-000-0000
헬스,부평1동 쉼터 체력단련시설,인천광역시 부평구 부평동 255-16,032-000-0001
농구,희망체육공원,인천광역시 부평구 부평동 768-320,032-000-0002
헬스,부평2동 쉼터 체력단련시설(금낭화쉼터),인천광역시 부평구 부평동 756-368,032-000-0003
등산,희망공원 등산로 체력단련시설,인천광역시 부평구 부평동 산34-16,032-000-0004
등산,인천가족공원 등산로 체력단련시설,인천광역시 부평구 부평동 산54-4,032-000-0005
등산,용포약수터 체력단련시설,인천광역시 부평구 십정동 산2-2,032-000-0006
등산,동암산 등산로 체력단련시설,인천광역시 부평구 십정동 산40-2,032-000-0007
조깅,신트리공원,인천광역시 부평구 부평동 880 외,032-000-0008
헬스,부평5동 쉼터 체력단련시설,인천광역시 부평구 부평동 148-1,032-000-0009
헬스,원적산체육공원,인천광역시 부평구 산곡동 179-140,032-000-0010
헬스,선포약수터 체력단련시설,인천광역시 부평구 산곡동 산43,032-000-0011
축구,부영공원 운동장,인천광역시 부평구 산곡동 산20 일원,032-000-0012
헬스,장수산 비타민길 체력단련시설,인천광역시 부평구 청천동 산4-6                                                                                                    ,032-000-0013
헬스,원적산공원,인천광역시 부평구 청천동 산27-2,032-000-0014
헬스,청천2동 쉼터 체력단련시설,"인천광역시 부평구 청천동 9-58, 59",032-000-0015
농구,부평구다목적실내체육관,인천광역시 부평구 갈산동 부평대로296번길 33,032-000-0016
헬스,부평국민체육센터,인천광역시 부평구 갈산동 부평대로296번길 37,032-000-0017
자전거,굴포천자전거도로체력단련시설,인천광역시 부평구 갈산동 361-5,032-000-0018
골프,삼산게이트볼장,인천광역시 부평구 삼산동 후정동로 9,032-000-0020
조깅,건강공원,인천광역시 부평구 삼산동 518,032-000-0021
헬스,삼산유수지 체육공원,인천광역시 부평구 삼산동 450-1,032-000-0022
헬스,인천삼산월드체육관,인천광역시 부평구 체육관로 60,032-000-0023
골프,일신게이트볼장,인천광역시 부평구 일신동 74,032-000-0024
헬스,부평도시숲 체련단련시설,인천광역시 부평구 일신동 21-5,032-000-0025
배드민턴,일신배드민턴장,인천광역시 부평구 일신동 79-32,032-000-0026
헬스,백운공원,인천광역시 부평구 십정동 186-419 일원,032-000-0027
수영,열우물경기장,인천광역시 부평구 열우물로 164,032-000-0028
헬스,십정체육공원,인천광역시 부평구 십정동 101-2번지 일원,032-000-0029
수영장,동남스포피아 수영장,"인천광역시 연수구 새말로 27, 동남아파트 (연수동)",032-814-7000
수영장,멤버쉽풀,인천광역시 연수구 동곡재로 16 (동춘동),032-814-3322
수영장,블루라군,"인천광역시 연수구 용담로 11, 지1층 (청학동, 시대아파트)",1644-7926
수영장,미라클 스포츠(주),"인천광역시 연수구 선학로 101, 상가동 지하1,2층 (선학동, 뉴서울1차아파트)",032-834-2244
수영장,주식회사 블루라군수영장,"인천광역시 연수구 갯벌로 12 (송도동, 미추홀타워 본관)",032-819-0022
수영장,IGC글로벌캠퍼스 수영장,"인천광역시 연수구 송도문화로 119 (송도동, 인천글로벌캠퍼스)",032-715-7795
수영장,주식회사 블루라군,"인천광역시 연수구 센트럴로 123, 송도컨벤시아 13~17호 (송도동)",032-710-3311
수영장,키즈웨일 아카데미(주),"인천광역시 연수구 센트럴로 232, 301,302,303호 (송도동, 더샵센트럴파크1)",032-710-3666
수영장,(주)박태환수영장,"인천광역시 연수구 하모니로138번길 11, 송도캐슬센트럴파크 지하1층 (송도동)",032-710-2015
태권도,K용인대 태권도,"인천광역시 연수구 컨벤시아대로42번길 25, 502호 (송도동, 플러스에비뉴)",032-834-3336
태권도,MTA태권도장,"인천광역시 연수구 송도문화로28번길 28, 상가205동 201.202호 (송도동)",032-816-1155
크로스핏,크로스핏 스트라이크,"인천광역시 연수구 해돋이로 118, B01호 (송도동, 마린프라자)",032-831-2546
태권도,송도 경희대 태권도,"인천광역시 연수구 컨벤시아대로130번길 80, 송도푸르지오하버뷰 상가동 205.206호 (송도동)",032-833-7771
유도,아인스 유도관,"인천광역시 연수구 신송로 166, 502호 (송도동, 플러스원프라자)",032-851-4500
태권도,경희대i스타태권도장,"인천광역시 연수구 송도과학로27번길 55, 301동 301,302호 (송도동, 롯데캐슬캠퍼스타운)",032-812-0023
태권도,하랑태권도장,"인천광역시 연수구 선학로68번길 7-8, 3층 (선학동)",032-822-5386
태권도,경희대TOP태권도장,"인천광역시 연수구 송도문화로84번길 84, 상가1동 202~205호 (송도동, 베르디움더퍼스트)",032-832-6565
태권도,경희대석사아이스타태권도장,"인천광역시 연수구 컨벤시아대로274번길 35, 2층 9~11호 (송도동, 송도 더샵 마스터뷰 22BL)",032-833-1322
복싱,King Boxing Gym,"인천광역시 연수구 독배로40번길 18, 301호 (옥련동, 삼성아파트 상가동)",032-111-1111
태권도,송도국제 경희대 태권도장,"인천광역시 연수구 신송로 165-14, 401,402호 (송도동, 더파라곤)",032-859-7400
태권도,하늘태권도장,"인천광역시 연수구 인천타워대로54번길 13, 202호 (송도동, 해승메디피아)",032-859-1017
복싱,용인대석사복싱,"인천광역시 연수구 해돋이로 110, 은진프라자 5층 501호 (송도동)",032-833-2151
태권도,드림로드 태권도장,"인천광역시 연수구 용담로 153, 208호 (연수동, 대동월드스포츠센터)",032-222-2222
태권도,송도 파워점핑 줄넘기&태권도,"인천광역시 연수구 컨벤시아대로130번길 32, 201~203호 (송도동, 송도자이하버뷰2단지아파트)",032-832-4455
태권도,퍼스트 아이 태권도장,"인천광역시 연수구 컨벤시아대로230번길 42, 송도아라플라자 301호 (송도동)",032-832-0432
태권도,용인대 국가대표 태권도스쿨,"인천광역시 연수구 컨벤시아대로230번길 42, 송도아라플라자 312호 (송도동)",032-833-3236
태권도,TK태권도장,"인천광역시 연수구 송도과학로27번길 55, 301동 A-313호 (송도동, 롯데캐슬 캠퍼스타운)",032-821-0125
태권도,용인대 국가대표 태권도스쿨,"인천광역시 연수구 송도문화로28번길 28, 203동 211,212호 (송도동, 송도글로벌캠퍼스푸르지오)",032-333-3333
태권도,글로벌 리더 체육관,"인천광역시 연수구 해돋이로 168-15, 글로벌시티프라자 303호 (송도동)",032-832-7006
골프,골프존파크 송도트리플스트리트점,"인천광역시 연수구 송도과학로16번길 33-2, 송도 트리플스트리트 B동 201,301호 (송도동)",032-812-1872
골프,꽁지 골프 아카데미,"인천광역시 연수구 테크노파크로111번길 5, 스타빌딩 801호 (송도동)",032-444-4444
골프,골프존파크 옥련JJ점,"인천광역시 연수구 독배로 68, 6층 (옥련동)",032-831-9998
골프,갤러리 골프 송도점,"인천광역시 연수구 신송로 153, 더 마란츠타워 지상2층 204,205호 (송도동)",032-555-5555
골프,더 밸리,"인천광역시 연수구 송도미래로 47, 2층 일부호 (송도동)",032-812-0753
골프,송도스크린골프,"인천광역시 연수구 테크노파크로111번길 9, 케이피타워 4,5층 (송도동)",032-831-8350
골프,갤러리스크린골프존,"인천광역시 연수구 송도미래로 9, 비알씨(주) 연구소 3동 2층 208,209,210호 (송도동)",032-817-1872
골프,헬로골프,"인천광역시 연수구 청능대로 93, 이리옴프라자 6층 601호 (청학동)",032-666-6666
헬스,라마다 송도호텔 헬스센터,인천광역시 연수구 능허대로267번길 29 (동춘동),032-830-2232
헬스,플랜 피트니스,인천광역시 연수구 독배로40번길 43 (옥련동),032-832-2442
헬스,헬로우짐 연수점,"인천광역시 연수구 청능대로 93, 이리옴프라자 7층 701호 (청학동)",032-822-3396
헬스,DDS 휘트니스,"인천광역시 연수구 앵고개로254번길 19-6, 4층 (동춘동)",032-818-0096
헬스,유니온 휘트니스,"인천광역시 연수구 독배로 29 (옥련동,6층)",032-832-0098
헬스,휘트니스블루,인천광역시 연수구 앵고개로 266 한양아파트,032-819-7139
헬스,헬스클럽 피플,"인천광역시 연수구 학나래로6번길 6 (선학동, 서천빌딩)",032-817-7900
헬스,커브스 동춘클럽,"인천광역시 연수구 앵고개로 260  (동춘동,맘모스빌딩 6층 610,611호)",032-818-7330
헬스,1st WELLNESS CENTER,"인천광역시 연수구 해돋이로 107, G동 상가129호 (송도동)",032-835-7000
헬스,커브스 송도클럽,"인천광역시 연수구 컨벤시아대로 69, 305호 (송도동, 밀레니엄빌딩)",032-858-3050
헬스,엑시드 휘트니스,"인천광역시 연수구 한나루로201번길 19 (옥련동, 이스파빌딩)",032-833-3373
헬스,더 플라워 휘트니스,"인천광역시 연수구 비류대로433번길 11, 3층 (연수동, 연수길프라자)",032-812-0999
헬스,스카이휘트니스,인천광역시 연수구 먼우금로63번길 13 (동춘동),032-811-1144
헬스,바디첵,"인천광역시 연수구 용담로 111, 502,503호 (연수동)",070-8864-8311
헬스,(주)리조트휘트니스 송도점,"인천광역시 연수구 컨벤시아대로 81, 드림시티 702,703호 (송도동)",032-833-9030
헬스,팀케이짐,"인천광역시 연수구 샘말로7번길 13, 2층 (연수동)",032-818-0285
헬스,(주)터닝포인트짐 연수점,"인천광역시 연수구 먼우금로 197, 7층 (청학동)",032-1644-6561
헬스,W(더블유) 짐,"인천광역시 연수구 한나루로 104, 국제타운동 2층 201호 (옥련동)",032-832-6712
헬스,YC바디핏,"인천광역시 연수구 독배로 56, 2,4층 (옥련동, 시계탑빌딩)",032-777-7777
헬스,아인스 멀티짐,"인천광역시 연수구 신송로 166, 501호 (송도동, 플러스원프라자)",032-851-4500
헬스,아셀짐(ASHER GYM),"인천광역시 연수구 앵고개로 256, 2층 (동춘동, 웅지프라자)",032-888-8888
당구,CUE STAR 당구클럽,"인천광역시 연수구 테크노파크로111번길 12, 6층 (송도동, 반도타워)",032-831-9879
당구,송도 가브리엘 대대클럽,"인천광역시 연수구 하모니로36번길 17, 4층 (송도동, 은하프라자)",032-999-9999
당구,옥련 가브리엘 클럽,"인천광역시 연수구 한나루로86번길 4, 101호 (옥련동, 세정빌딩)",032-833-8375
당구,스타당구클럽,"인천광역시 연수구 학나래로6번길 6, 5층 (선학동, 서천빌딩)",032-123-1234
당구,빌리당구클럽,"인천광역시 연수구 앵고개로254번길 19-6, 5층호 (동춘동, 서진빌딩)",032-121-1212
당구,브레통 당구클럽,"인천광역시 연수구 먼우금로 96, 2층 (동춘동, 일성빌딩)",032-212-2121
당구,연수역 당구클럽,인천광역시 연수구 함박뫼로50번길 105 (연수동),032-313-3131
당구,샤롯데 당구클럽,"인천광역시 연수구 인천타워대로132번길 30, 휴먼빌파크 403,404,405호 (송도동)",032-832-7314
당구,연수대대클럽,"인천광역시 연수구 청명로 16, 201호 (청학동)",032-101-0000
당구,PLATIN CAROM CLUB(플라틴 캐롬 클럽),"인천광역시 연수구 비류대로 212, 3층 (옥련동)",032-101-0001
당구,인송당구장,"인천광역시 연수구 한진로 58, 3층 (옥련동)",032-101-0002
당구,길당구장,"인천광역시 연수구 함박로92번길 3, 2층 (연수동)",032-101-0003
당구,왕당구클럽,"인천광역시 연수구 앵고개로87번길 12-8, 3층 (동춘동)",032-101-0004
당구,메트로당구장,"인천광역시 연수구 인천타워대로54번길 3, 메트로프라자 지하1층 B101,B103호 (송도동)",032-101-0005
당구,연수가브리엘클럽,"인천광역시 연수구 용담로118번길 3, 8층 (연수동)",032-101-0006
당구,펍큐 당구클럽 송도직영점,"인천광역시 연수구 컨벤시아대로 81, 드림시티 B24호 일부, B06-1호 (송도동)",032-101-0007
당구,하이런 당구클럽,"인천광역시 연수구 비류대로433번길 26, 랜드마크빌딩 4층 (연수동)",032-101-0008
당구,킹 빌리어드 브레통,"인천광역시 연수구 벚꽃로 106, 연수광장프라자 503호 (청학동)",032-817-7979
빙상,선학국제빙상경기장,인천광역시 연수구 경원대로 526 (선학동),032-821-5723
헬스,쉐라톤 휘트니스,"인천광역시 연수구 컨벤시아대로 153 (송도동,쉐라톤 호텔 6층)",032-835-1000
헬스,인천대학교 스포츠센터,"인천광역시 연수구 아카데미로 119 (송도동, 인천대학교)",032-835-4121
헬스,오라카이 휘트니스,"인천광역시 연수구 테크노파크로 151, 3,4층 (송도동, 오라카이송도파크호텔)",032-210-7200
야구,선학구장,"인천광역시 연수구 경원대로 526, 2014아시아경기대회 선학경기장 (선학동)",02-547-5955
수영,계산수영장,인천광역시 계양구 경명대로972번길 18 (계산동),032-545-3700
수영,진명스포아트,"인천광역시 계양구 계양대로 37, 지2층 (작전동, 진명스포아트)",032-554-9500
수영,블루엔키즈,"인천광역시 계양구 용종로 23, 은행마을태산아파트 상가동 지층 B01,B19호 (계산동)",032-710-1213
태권도,미동인천대태권도체육관,인천광역시 계양구 주부토로 368 (작전동),032-546-7076
태권도,용인대석사계산체육도장,인천광역시 계양구 계양대로163번길 14-1 (계산동),032-541-4990
태권도,비호체육관,인천광역시 계양구 안남로573번길 21 (효성동),032-546-3811
태권도,고려체육도장,인천광역시 계양구 안남로 491 (효성동),032-547-7205
태권도,한국태권도아카데미,인천광역시 계양구 까치말로 20 (작전동),032-542-9909
태권도,최성 태권도,"인천광역시 계양구 효서로 380, 신현대타운 301,302,309호 (작전동)",032-524-4242
태권도,영웅백호 태권도장,"인천광역시 계양구 장제로767번길 33, 3층 (계산동)",032-541-4346
태권도,해맑은 황극태권도,인천광역시 계양구 봉오대로691번길 17 (작전동),032-549-5931
태권도,용인유도태권도장,인천광역시 계양구 계산새로 107 (용종동),032-543-9938
태권도,혜성체육관,"인천광역시 계양구 장제로1009번길 4-1, 2층 (박촌동)",032-516-7501
태권도,호산태권도체육관,인천광역시 계양구 장제로 925 (병방동),032-546-0586
태권도,작전창덕 태권도장,"인천광역시 계양구 아나지로299번길 22, 3층 (작전동)",032-549-3322
태권도,태권도왕호체육관,"인천광역시 계양구 아나지로197번길 4, 205호 (효성동, 뉴서울5차아파트상가)",032-551-5552
태권도,연세 남부 태권도장,"인천광역시 계양구 안남로 558, 3층 (효성동, 뉴서울아파트상가)",032-543-3333
골프,계양새마을금고,"인천광역시 계양구 주부토로 400, 3층 (작전동)",032-542-8111
골프,준 골프존,"인천광역시 계양구 오조산로45번길 8-1, 5층 (계산동)",032-553-0752
골프,오거스타,"인천광역시 계양구 안남로 548, 2층 (효성동)",032-888-1111
골프,리더스골프존,인천광역시 계양구 오조산로89번길 12 (용종동),032-888-1112
골프,바디웰짐,"인천광역시 계양구 오조산공원로 30, 9층 (용종동, 경원빌딩)",032-252-6000
골프,하나로 휘트니스,"인천광역시 계양구 아나지로 341, 2층 (작전동)",032-544-9696
골프,탑레인지,"인천광역시 계양구 계양대로 37, 4층 (작전동)",032-541-0707
골프,SG스크린골프,"인천광역시 계양구 아나지로 174, 5층 501,502호 (효성동, 성우 빌딩)",032-541-0708
골프,리치스크린골프,"인천광역시 계양구 벌말로 570, 2층 (상야동)",032-542-8001
골프,호성스크린골프,"인천광역시 계양구 양지로 155, 202호 (귤현동)",032-553-0708
골프,훼밀리 골프존,"인천광역시 계양구 임학동로 38, 5002호 (임학동, 훼밀리코아)",032-278-7500
골프,호성골프연습장,"인천광역시 계양구 양지로 155, 201호 (귤현동)",032-919-9999
골프,운남스크린골프,"인천광역시 계양구 장제로730번길 8, 5층 (작전동, 운남빌딩)",032-555-3469
골프,SG골프스쿨,"인천광역시 계양구 아나지로 174, 4층 401,402호 (효성동, 성우 빌딩)",032-555-3470
골프,골프 코리아,"인천광역시 계양구 오조산로89번길 12, 505호 (용종동)",032-555-3471
골프,홀인원 스마트 골프,"인천광역시 계양구 계양문화로53번길 13, 7층 701호 (계산동, 대주프라자)",032-556-1872
골프,메이드 스크린골프,"인천광역시 계양구 장기로 25, 2층 (장기동)",032-545-0753
헬스,정헬스,인천광역시 계양구 안남로 565 (효성동),032-548-5550
헬스,M.ST GYM,인천광역시 계양구 주부토로 541 (계산동),032-545-0710
헬스,진명스포아트,"인천광역시 계양구 계양대로 37, 2층 (작전동, 진명스포아트)",032-554-9500
헬스,파워헬스,인천광역시 계양구 아나지로417번길 20 (작전동),032-548-8087
헬스,헬스매니아,"인천광역시 계양구 경명대로 1049, 4층 (계산동)",032-555-2555
헬스,헬로 계양구청점,"인천광역시 계양구 계산새로 71, D동 9층 (계산동, 하이베라스빌딩)",032-555-3396
헬스,웰 라이프 휘트니스,인천광역시 계양구 주부토로 372 (작전동),032-551-1282
헬스,보보스 휘트니스,"인천광역시 계양구 도두리로 25, 6층 (계산동, 루비프라자)",032-549-2255
헬스,효성스포츠센타,"인천광역시 계양구 아나지로 75, 6층 (효성동, 효성다섬프라자)",032-548-7553
헬스,해든휘트니스,"인천광역시 계양구 장제로 929, 3층 (병방동, 돌샘프라자)",032-548-7554
헬스,라이프짐 휘트니스,"인천광역시 계양구 봉오대로 557, 2층 (효성동)",032-554-7773
헬스,고려 휘트니스,"인천광역시 계양구 장제로 755, 2층 (계산동)",032-555-1163
헬스,구관 패밀리 헬스,"인천광역시 계양구 오조산로 1, 601호 (작전동, 거승프라자)",032-552-0356
당구,행운당구장,"인천광역시 계양구 봉오대로 710, 2층 (작전동)",032-552-0357
당구,의 당구장,"인천광역시 계양구 계산천서로 12, 2층 (계산동)",032-552-0358
당구,SBS 당구클럽,"인천광역시 계양구 계양대로 151, 3층 (계산동)",032-552-0359
당구,JJ당구클럽,"인천광역시 계양구 안남로 512, 2층 (효성동)",032-552-0360
당구,금성 당구장,"인천광역시 계양구 주부토로 477, 3층 (계산동)",032-552-0361
당구,큐 당구클럽,"인천광역시 계양구 봉오대로 653, 2층 (작전동)",032-552-0362
당구,스카이 당구장,"인천광역시 계양구 주부토로529번길 4, 2층 (계산동)",032-552-0363
당구,대성 당구클럽,"인천광역시 계양구 경명대로 1016, 3층 (계산동)",032-552-0364
당구,7 당구클럽,"인천광역시 계양구 계양대로 178, 7층 701호 (계산동)",032-552-0365
당구,JK 빌리아드클럽,"인천광역시 계양구 계산새로 71, 지층 P101호 (계산동)",032-552-0366
당구,아키 당구클럽,"인천광역시 계양구 오조산로7번길 4, 성우프라자 3층 (작전동)",032-556-3341
당구,CM 당구클럽,"인천광역시 계양구 장제로 723, 3층 (작전동)",070-7756-1663
당구,3 당구클럽,"인천광역시 계양구 양지로 30, 3층 (동양동)",070-7756-1664
당구,3 당,"인천광역시 계양구 양지로 30, 2층 (동양동)",070-7756-1665
당구,날마다 당구클럽,"인천광역시 계양구 오조산로45번길 12, 유연프라자 4층 404~406호 (계산동)",070-7756-1666
당구,프로 당구클럽,"인천광역시 계양구 새벌로 90, 뉴서울3차아파트 상가동 2층 204,205,208,209호 (효성동)",070-7756-1667
당구,베스트 당구클럽,"인천광역시 계양구 계산새로 1, 2동 3층 (계산동)",032-552-4378
당구,프로 당구클럽,"인천광역시 계양구 안남로 566, 3층 (효성동)",032-552-4379
당구,프로 당구클럽,"인천광역시 계양구 경명대로 1083, 3층 (계산동)",032-552-4380
썰매 ,코코몽 어드벤처,"인천광역시 계양구 봉오대로 855, B201호 (서운동)",032-556-1999
야구,레전드스크린야구존,"인천광역시 계양구 오조산로45번길 16, 여흥프라자 5층 (계산동)",032-555-8787
야구,스트라이크존 인천계양구장,"인천광역시 계양구 오조산로45번길 8-1, 3층 1호 (계산동)",032-555-4939
야구,스트라이크존 인천계산구장,"인천광역시 계양구 오조산로45번길 8-1, 지층 (계산동)",032-555-4939
야구,다함께야구왕 계양시티점,"인천광역시 계양구 오조산로45번길 11, 한빛프라자 6층 (계산동)",032-553-0333
댄스,댄스파크,인천광역시 계양구 오조산로57번길 15 (계산동),032-553-0334
수영,검단복지회관 수영장,인천광역시 서구 마전동 산 147 ,032-561-4115
수영,블루라군,인천광역시 서구 청라동 130-4 ,032-715-6688
수영,포세이돈 스위밍 아카데미,인천광역시 서구 청라동 163-3 홍익파크 802호,032-569-4320
수영,검단오션차일드,인천광역시 서구 당하동 895-1 상가동 지101호,032-566-9985
수영,마린어린이수영장,인천광역시 서구 경서동 726-1 ,032-566-9986
수영,드림파크 스포츠센터,인천광역시 서구 백석동 58 수도권매립지공사 21동 ,032-560-9593
수영,그로윈 스윔 아카데미,인천광역시 서구 청라동 157-18 반안프라자 3차 ,032-560-9594
수영,(주)슈퍼스타스위밍아카데미,인천광역시 서구 가정동 618-5 MK타워 ,032-721-7676
수영,국제키즈스포츠스쿨,인천광역시 서구 청라동 173-1 청라29블럭호반베르디움 ,032-721-7677
태권도,동남체육관,인천광역시 서구 석남동 579-13 ,032-572-8330
태권도,상무체육관(태권도),인천광역시 서구 석남동 558-2 ,032-573-6639
태권도,금메달체육관(태권도),인천광역시 서구 가정동 515-6 ,032-572-4756
태권도,석남 백호 태권도장,인천광역시 서구 석남동 471-2 ,032-575-8302
태권도,한미체육관(태권도),인천광역시 서구 가좌동 361-1 ,032-578-6306
태권도,신양체육관,인천광역시 서구 석남동 538-3 ,032-578-6307
태권도,경희대 액티브 태권도,인천광역시 서구 석남동 587-48 ,032-578-6324
태권도,엘리트 태권도장,인천광역시 서구 심곡동 337-6 ,032-565-0821
태권도,태무한신태권도장,인천광역시 서구 가정동 546 ,032-581-0873
복싱,빡 복싱클럽,인천광역시 서구 석남동 539-2 5층 ,032-575-3547
태권도,하나태권도체육관,인천광역시 서구 가정동 341-14 ,032-579-4646
골프,골프존파크스크린연습장,인천광역시 서구 원창동 381-76 북항프라자 ,032-579-4647
골프,청라진아골프존,인천광역시 서구 청라동 141-12 오성타운 ,032-579-4648
골프,GDR아카데미 인천검단점,인천광역시 서구 마전동 910-1 ,032-579-4649
골프,골프존 파크 가정 루원시티점,인천광역시 서구 가정동 618-5 MK타워 ,032-579-4650
골프,상신스크린골프,인천광역시 서구 가좌동 556-54 상신이엔씨 ,032-575-0753
골프,쓰리엠에스지(SG)골프,인천광역시 서구 가정동 619-7 ,032-575-0754
골프,정골프피팅,인천광역시 서구 석남동 223-85 ,032-575-0755
골프,다온스크린골프연습장,인천광역시 서구 석남동 223-85 ,032-572-3010
골프,김종국오픈스크린골프,인천광역시 서구 가정동 616-3 화방주차타워 ,032-565-0753
골프,브라보골프,인천광역시 서구 원창동 381-67 ,032-583-7900
골프,아인스,인천광역시 서구 청라동 157-19 청라 에이스프라자 ,032-583-7901
골프,AMG 휘트니스 골프,인천광역시 서구 석남동 518-18 ,032-583-7902
골프,엑시토 골프,인천광역시 서구 당하동 1095-6 ,032-583-7903
골프,지인 골프점,인천광역시 서구 석남동 510-11 ,032-583-7904
골프,시티타워 스크린골프,인천광역시 서구 청라동 96-1 706호,032-583-7905
헬스,명체육관,인천광역시 서구 가좌동 139-10 4층 ,032-581-3860
헬스,연희헬스,인천광역시 서구 연희동 686-4 ,032-565-1889
헬스,용인대타이곤헬스클럽,인천광역시 서구 심곡동 259-6 ,032-564-2920
헬스,석남헬스클럽,인천광역시 서구 석남동 575 ,032-573-1550
헬스,백석스포렉스헬스클럽,인천광역시 서구 백석동 85 ,032-567-6661
헬스,파워헬스클럽,인천광역시 서구 연희동 697-3 ,032-564-5698
헬스,고려헬스타운,인천광역시 서구 마전동 698-4 ,032-564-3962
헬스,고려헬스클럽,인천광역시 서구 심곡동 290 ,032-561-9696
헬스,아센 휘트니스,인천광역시 서구 가좌동 72-1 4층 ,032-583-6788
헬스,귀빈헬스,인천광역시 서구 왕길동 638-2 마전빌딩6층 ,032-566-8350
당구,비바체 당구클럽,인천광역시 서구 석남동 592-8 ,032-577-2114
당구,시티당구클럽,인천광역시 서구 가정동 618-2 ,032-577-2115
당구,완정 당구클럽,인천광역시 서구 당하동 1092-1 영프라자 ,032-577-2116
당구,7전8큐,인천광역시 서구 석남동 446 월드메르디앙아파트 ,032-577-2117
당구,큐당구장,인천광역시 서구 원창동 381-68 그리니프라자 ,032-577-2118
당구,Q당구클럽,인천광역시 서구 심곡동 325-8 ,032-577-2119
당구,제이제이 당구장,인천광역시 서구 석남동 539-6 ,032-577-2120
당구,M 빌리어즈 클럽,인천광역시 서구 청라동 165-12 지젤엠청라 ,032-577-2121
당구,짝때기 당구클럽,인천광역시 서구 검암동 산 667-1 ,032-577-2122
당구,펍큐당구클럽인천서구청점,인천광역시 서구 심곡동 246-4 진수빌딩 ,032-577-2123
당구,SBS당구장,인천광역시 서구 심곡동 298-2 덕산빌딩 ,032-577-2124
당구,옵티머스빌리어드 청라점,인천광역시 서구 청라동 157-18 반안프라자 3차 ,032-577-2125
당구,루원 당구장,인천광역시 서구 가정동 618-5 MK타워 ,032-577-2126
당구,우리당구클럽,인천광역시 서구 가정동 507-5 형제빌딩 ,032-577-2127
당구,빌스퀘어 당구장,인천광역시 서구 청라동 157-21 청라한신더휴커낼웨이 ,032-710-3972
썰매 ,서구사계절썰매장,인천광역시 서구 공촌동 산 140-2 ,032-565-3483
댄스,인천무도학원,인천광역시 서구 석남동 520-1 ,032-581-8663
댄스,최연희 아카데미,인천광역시 서구 석남동 519-6 ,032-574-5439
댄스,석남무도학원,인천광역시 서구 석남동 495 ,032-581-6687
승마,유천승마장,인천광역시 서구 시천동 144-7 ,032-581-6688
헬스,주식회사 지젤스포츠클럽(청라지점),인천광역시 서구 청라동 165-12 지젤엠청라 4층 ,032-623-4400
야구,드림파크문화재단(제1야구장),인천광역시 서구 경서동 372 ,032-560-9971
야구,(사) 아라유소년 야구협회,인천광역시 서구 백석동 51-34 아라베이스볼파크 ,032-560-9972
골프,TEAM JG 골프아카데미,인천광역시 서구 청라동 163-2 청연프라자 ,032-560-9973
야구,스트라이크존(인천 서구청구장),인천광역시 서구 심곡동 245-6 태영프라자 ,032-568-0077
테니스,월디테니스장,인천광역시 중구 항동7가 82-29,032-568-0078
족구,월디족구장,인천광역시 중구 항동7가 82-29,032-568-0079
축구,중구국민체육센터 축구장,인천광역시 중구 축항대로 296번길 81,032-568-0080
풋살,중구국민체육센터 풋살장,인천광역시 중구 축항대로 296번길 81,032-568-0081
육상,중구국민체육센터 육상경기장,인천광역시 중구 축항대로 296번길 81,032-568-0082
헬스,중구국민체육센터 다목적체육관,인천광역시 중구 축항대로 296번길 81,032-568-0083
골프,중구국민체육센터 골프연습장,인천광역시 중구 축항대로 296번길 81,032-568-0084
수영,중구국민체육센터 수영장,인천광역시 중구 축항대로 296번길 81,032-568-0085
골프,중구노인복지관 게이트볼장,인천광역시 중구 제물량로 80번길 3-24,032-568-0086
배드민턴,배드민턴장,인천광역시 중구 북성동3가 1,032-568-0087
골프,영종복합청사내 게이트볼장,인천광역시 중구 운남서로 100-1,032-568-0088
테니스,영종테니스장,인천광역시 중구 운남서로 100-1,032-568-0089
농구,고염나무골 다목적구장,인천광역시 중구 운북동 752-130일원,032-568-0090
헬스,영종성당내동네체육시설,인천광역시 중구 백운로28번지 일원,032-568-0091
축구,영종영마루공원 축구장,인천광역시 중구 영종대로 85,032-568-0092
풋살,영종영마루공원 풋살장,인천광역시 중구 영종대로 85,032-568-0093
육상,영종영마루공원 육상경기장,인천광역시 중구 영종대로 85,032-568-0094
농구,남북동 다목적구장,인천광역시 중구 남북동 928-6,032-568-0095
수영장,에이스스포츠센터,인천광역시 미추홀구 주안동 300-3 ,032-422-4420
태권도,한성태권도장,인천광역시 미추홀구 용현동 565-96 ,032-883-5119
합기도,합기도정도관,인천광역시 미추홀구 주안동 197-21 ,032-862-6980
태권도,인천대도화태권도체육관,인천광역시 미추홀구 도화동 545-19 ,032-862-6981
복싱,인천금강복싱체육관,인천광역시 미추홀구 숭의동 60-31 형제빌딩 ,032-883-1356
태권도,하나남인천태권도체육관,인천광역시 미추홀구 도화동 16-2 우리타워 401호,032-883-1357
태권도,유신태권도장,인천광역시 미추홀구 숭의동 1-114 ,032-882-7680
검도,전무검도관,인천광역시 미추홀구 주안동 929-11 ,032-428-9880
태권도,인하서태권도장,인천광역시 미추홀구 학익동 37-9 ,032-867-8363
태권도,올림픽태권도체육관,인천광역시 미추홀구 도화동 883 ,032-867-8364
합기도,강호합기도,인천광역시 미추홀구 용현동 611-40 ,032-883-3593
태권도,한미태권도장,인천광역시 미추홀구 주안동 1307-6 ,032-437-6508
태권도,용인대동양체육관,인천광역시 미추홀구 주안동 1417-64 정현빌딩 ,032-437-6509
태권도,한국체대도담태권도장,인천광역시 미추홀구 주안동 750-5 ,032-867-7764
태권도,연세경인태권도,인천광역시 미추홀구 주안동 555-2 ,032-872-5695
태권도,석사체육관,인천광역시 미추홀구 주안동 677-4 금호빌딩 ,032-864-1745
태권도,도산태권도장,"인천광역시 미추홀구 주안동 1250-1 1250-1,1367-85 ",032-424-7680
태권도,신일태권도장,인천광역시 미추홀구 주안동 18-7 ,032-424-7681
골프,J스크린골프,인천광역시 미추홀구 도화동 622-4 ,032-866-1588
골프,비젼스크린골프&아카데미,인천광역시 미추홀구 용현동 665-12 ,032-885-0777
골프,한국골프아카데미,인천광역시 미추홀구 학익동 672-4 ,032-885-0778
골프,도화 킹스크린,인천광역시 미추홀구 도화동 37-14 ,032-885-0779
골프,킹 골프존,인천광역시 미추홀구 도화동 37-14 ,032-885-0780
골프,우리동네 골프연습장,인천광역시 미추홀구 주안동 130-5 덕진빌딩 ,032-434-0113
골프,미래 골프 연습장,인천광역시 미추홀구 도화동 704-18 ,032-434-0114
골프,더 힐스토리,인천광역시 미추홀구 문학동 482 문학경기장 ,032-434-0115
골프,SG스크린골프,인천광역시 미추홀구 주안동 1571 스카이타운 ,032-434-0116
골프,헬로우짐 주안점,인천광역시 미추홀구 주안동 989-1 르네상스빌딩 ,032-434-0117
골프,스윙스 골프,인천광역시 미추홀구 도화동 997-3 ,032-434-0118
헬스,세종헬스,"인천광역시 미추홀구 주안동 1543-11 1543-11,12 ",032-432-5500
헬스,대왕헬스클럽,인천광역시 미추홀구 숭의동 105-6 ,032-763-9700
헬스,CBBM휘트니스센타,인천광역시 미추홀구 용현동 492-3 ,032-763-9701
헬스,"삼성남,녀스포츠센터","인천광역시 미추홀구 주안동 1436-30 1436-30,31 ",032-868-3355
요가,김희정 요가헬스,인천광역시 미추홀구 주안동 130-9 ,032-421-5599
헬스,홍 휘트니스,인천광역시 미추홀구 주안동 29-4 강남메디칼타워 ,070-8192-2100
헬스,와이짐 휘트니스,인천광역시 미추홀구 주안동 1497 ,032-209-9600
헬스,비타민 헬스,인천광역시 미추홀구 용현동 627-410 ,032-881-8254
헬스,THE GYM,인천광역시 미추홀구 주안동 1572-19 ,032-881-8255
헬스,애플비,인천광역시 미추홀구 주안동 956-1 ,032-881-8256
헬스,피트니스포텐,인천광역시 미추홀구 용현동 628-62 ,032-881-0789
헬스,쉬스토리짐,인천광역시 미추홀구 주안동 1621 ,032-271-5777
헬스,GOOd LIFE FITNESS,인천광역시 미추홀구 주안동 46-1 ,032-428-1023
헬스,무지개헬스클럽,인천광역시 미추홀구 학익동 ,032-866-9700
헬스,다빠짐,인천광역시 미추홀구 용현동 622-121 ,032-832-8788
헬스,카브짐,인천광역시 미추홀구 학익동 661-9 ,032-832-8789
헬스,투엠짐,인천광역시 미추홀구 용현동 ,032-435-0808
헬스,원 헬스클럽,인천광역시 미추홀구 주안동 890-1 ,032-435-0809
당구,플러스 당다트,인천광역시 미추홀구 주안동 137-4 주안빌딩 ,032-428-1024
당구,하나로 당구 클럽,인천광역시 미추홀구 용현동 628-62 풍림하나로쇼핑센타 ,032-428-1025
당구,오렌지 당구장,인천광역시 미추홀구 학익동 321-6 임씨빌딩 ,032-428-1026
당구,JS당구클럽,인천광역시 미추홀구 도화동 377-4 ,032-428-1027
당구,준 당구장,인천광역시 미추홀구 숭의동 431-5 ,032-428-1028
당구,O.K 당구장,인천광역시 미추홀구 주안동 749-3 성민빌딩 ,032-428-1029
당구,구구 당구장,인천광역시 미추홀구 주안동 16-69 ,032-428-1030
당구,VIP 당구장,인천광역시 미추홀구 숭의동 433-5 ,032-428-1031
당구,국제 당구장,인천광역시 미추홀구 숭의동 160-52 ,032-428-1032
당구,다국적 당구클럽,인천광역시 미추홀구 용현동 628-54 ,032-428-1033
당구,투 당구장,인천광역시 미추홀구 주안동 1486 ,032-428-1034
당구,석 당구장,인천광역시 미추홀구 주안동 1588-3 ,032-428-1035
당구,MBC당구클럽,인천광역시 미추홀구 주안동 79-10 한우촌 ,032-428-1036
당구,이준석 당구 아카데미,인천광역시 미추홀구 숭의동 204-19 청송빌딩 ,032-428-1037
당구,장안당구장,인천광역시 미추홀구 숭의동 162-1 ,032-428-1038
당구,허리우드 당구장,인천광역시 미추홀구 주안동 143-8 테마타운 ,032-428-1039
당구,당구존 파크,인천광역시 미추홀구 주안동 72-11 ,032-428-1040
당구,피플 대대 전용 클럽,인천광역시 미추홀구 용현동 459-30 ,032-428-1041
썰매 ,문학눈썰매장,인천광역시 미추홀구 문학동 482 문학경기장 ,032-428-1042
댄스,인천댄스스포츠학원,인천광역시 미추홀구 주안동 1005-1 국도극장 ,032-428-1043
댄스,덕화무도학원,인천광역시 미추홀구 주안동 199-7 하이파크장 ,032-867-9130
댄스,신명나 무도학원,인천광역시 미추홀구 주안동 993-10 ,032-867-9131
댄스,상록수무도학원,인천광역시 미추홀구 숭의동 283-13 ,032-867-9132
댄스,중앙무도학원,인천광역시 미추홀구 주안동 197-24 ,032-432-3355
댄스,국제무도학원,인천광역시 미추홀구 용현동 459-53 ,032-887-8897
댄스,석바위댄스학원,인천광역시 미추홀구 주안동 1005-9 ,032-426-1385
댄스,박길신.송수진 댄스스포츠,인천광역시 미추홀구 주안동 206-10 영빌딩 ,032-426-1386
야구,리얼야구존,인천광역시 미추홀구 용현동 627-463 ,032-426-1387
복싱,간석복싱헬스클럽,간석1동 281-8 리치빌딩 5층 간석복싱 헬스클럽,0507-1466-8897
복싱,브레인킥복싱체육관,인천 남동구 구월로 366-1,0507-1425-9090
탁구,논현일레븐탁구전문체육관,인천 남동구 논고개로123번길 17,032-421-0945
무에타이,드림킥복싱무에타이체육관,인천 남동구 경원대로 933,0507-1420-0406
유아스포츠,웨일테일스포츠 유아체육,인천 남동구 논고개로 114 801호,032-424-7760
특공무술,특공무술백호체육관,인천 남동구 인주대로 785 원하빌딩 4층,032-461-5513
폴댄스,대한폴댄스연맹 인천점,인천 남동구 인하로507번길 76,0507-1407-8295
발레,체케티발레무용학원,인천 남동구 서창남로 69,0507-1449-0705
벨리댄스,허나리벨리댄스아카데미,인천 남동구 문화서로3번길 31 소꿉어린이집,032-423-9811
주짓수,구월동 건 주짓수,인천 남동구 독점로30번길 1 에이스프라자 3층 구월동 건주짓수,032-467-2200
유도,대한상덕유도체육관,인천 동구 금곡로 9-1,032-889-8686
검도,송현검도관,인천 동구 송현로 33,032-772-7776
줄넘기,점프스타줄넘기클럽,인천 동구 제물량로 424 3층 점프스타줄넘기클럽,010-8390-4181
수영,송림체육관수영장,인천 동구 염전로 30 송림체육관,032-998-2093
격투기,체대해성태권스쿨,인천 동구 동산로 80-1,032-764-6642
유아스포츠,좋은아이들 유아체육교실,인천 동구 봉수대로96번길 61,02-6671-0002
태권도,하나체육관,인천 동구 화수로 43,032-766-2821
무용,에뚜왈무용학원,인천 동구 송림로 24,0507-1381-0418
합기도,태풍합기도,인천 동구 샛골로 182,032-763-6694
태권도,엔젤태권도아카데미,인천 동구 송미로 6,032-766-1117